Pos,ID,Name,BV,SV,Team,3_xMins,3_Pts,4_xMins,4_Pts,5_xMins,5_Pts,6_xMins,6_Pts,7_xMins,7_Pts
D,1,Cédric,4.4,4.4,Arsenal,3,0.11,6,0.23,5,0.21,9,0.32,6,0.27
G,2,Leno,4.5,4.5,Fulham,34,1.35,54,1.89,73,2.84,86,2.98,75,2.67
M,3,Xhaka,5.0,5.0,Arsenal,78,3.06,73,3.15,66,2.68,68,2.35,74,3.10
M,4,Elneny,4.5,4.5,Arsenal,7,0.32,5,0.21,14,0.56,9,0.33,8,0.34
D,5,Holding,4.4,4.4,Arsenal,7,0.27,8,0.35,5,0.21,5,0.16,4,0.15
M,6,Partey,5.0,5.0,Arsenal,82,2.90,82,3.13,76,2.75,72,2.29,76,2.87
M,7,Ødegaard,6.5,6.5,Arsenal,70,3.38,72,3.88,68,3.43,71,2.99,72,3.69
D,8,Tierney,5.0,5.0,Arsenal,28,1.42,53,2.87,57,2.80,51,1.87,41,2.19
M,9,Pépé,5.4,5.4,Arsenal,10,0.73,6,0.47,8,0.59,13,0.79,12,0.94
D,10,White,4.5,4.5,Arsenal,71,3.00,67,3.14,59,2.52,65,2.05,66,2.99
F,11,Nketiah,6.9,6.9,Arsenal,34,2.08,32,2.29,24,1.68,26,1.50,32,2.25
M,12,Smith Rowe,5.9,5.9,Arsenal,18,1.28,18,1.33,21,1.43,25,1.44,28,1.91
M,13,Saka,8.0,8.0,Arsenal,76,4.82,77,5.50,74,4.88,74,3.96,72,4.92
D,14,Tomiyasu,4.4,4.4,Arsenal,41,1.96,54,2.80,69,3.27,70,2.44,68,3.43
G,15,Ramsdale,5.0,5.0,Arsenal,89,3.84,89,4.07,87,3.77,84,3.23,83,3.77
D,16,Gabriel,5.0,5.0,Arsenal,82,4.17,77,4.44,73,3.80,69,2.66,72,4.01
D,17,Tavares,4.5,4.5,Arsenal,0,0.00,0,0.00,0,0.00,0,0.00,0,0.00
M,18,Sambi,4.5,4.5,Arsenal,8,0.38,8,0.38,7,0.33,5,0.20,7,0.34
M,19,Martinelli,6.2,6.1,Arsenal,75,4.47,74,4.99,73,4.62,70,3.63,69,4.54
D,20,Pablo Marí,4.5,4.5,Arsenal,0,0.00,0,0.00,0,0.00,0,0.00,0,0.00
M,21,Maitland-Niles,4.9,4.9,Arsenal,2,0.16,1,0.09,0,0.02,2,0.12,2,0.17
M,22,Torreira,4.5,4.5,Arsenal,0,0.00,0,0.00,0,0.00,0,0.00,0,0.00
M,23,Nelson,5.0,5.0,Arsenal,0,0.00,0,0.00,0,0.00,0,0.00,0,0.00
G,24,Turner,4.0,4.0,Arsenal,2,0.07,1,0.03,2,0.07,5,0.19,5,0.24
M,25,Fábio Vieira,5.9,5.9,Arsenal,5,0.32,6,0.40,17,1.06,18,0.92,19,1.19
D,26,Saliba,4.5,4.5,Arsenal,77,3.45,70,3.49,69,3.15,64,2.16,65,3.15
M,27,Marquinhos,4.9,4.9,Arsenal,1,0.09,1,0.09,1,0.05,1,0.07,0,0.02
F,28,Jesus,8.0,8.0,Arsenal,80,4.95,77,5.32,76,4.93,76,4.01,75,4.96
M,29,Coutinho,7.0,7.0,Aston Villa,45,2.27,64,3.46,61,2.65,62,2.59,63,3.02
F,30,Ings,7.0,7.0,Aston Villa,57,3.21,52,3.32,46,2.34,42,2.11,45,2.53
G,31,Martínez,5.0,5.0,Aston Villa,90,3.39,87,3.43,86,2.95,85,2.90,84,3.05
D,32,Chambers,4.5,4.5,Aston Villa,25,0.83,16,0.58,16,0.42,8,0.18,12,0.38
D,33,Digne,5.0,5.0,Aston Villa,84,2.89,77,3.13,79,2.02,77,1.73,70,2.27
M,34,Traoré,5.0,5.0,Aston Villa,5,0.37,8,0.59,9,0.53,10,0.56,10,0.62
G,35,Olsen,4.0,4.0,Aston Villa,0,0.01,3,0.10,5,0.16,5,0.16,6,0.22
M,36,Sanson,4.5,4.5,Aston Villa,6,0.31,7,0.37,9,0.43,8,0.37,8,0.38
M,37,McGinn,5.5,5.5,Aston Villa,79,2.44,77,2.55,70,2.01,76,2.08,74,2.23
D,38,Hause,4.4,4.4,Aston Villa,0,0.00,1,0.02,1,0.03,5,0.14,4,0.14
D,39,Mings,4.5,4.5,Aston Villa,78,2.38,72,2.52,70,1.58,59,1.16,54,1.52
F,40,Watkins,7.4,7.4,Aston Villa,82,3.77,85,4.37,79,3.18,81,3.13,77,3.47
M,41,Nakamba,4.5,4.5,Aston Villa,6,0.28,4,0.24,10,0.43,9,0.41,8,0.35
M,42,Buendía,6.0,6.0,Aston Villa,39,1.76,36,1.74,38,1.54,39,1.51,40,1.73
D,43,Cash,5.0,5.0,Aston Villa,67,2.16,77,2.89,80,1.91,84,1.68,79,2.34
D,44,Konsa,4.5,4.5,Aston Villa,76,2.43,44,1.69,37,0.99,35,0.83,36,1.15
M,45,Bailey,5.0,5.0,Aston Villa,44,2.10,36,1.93,39,1.69,40,1.69,38,1.81
M,46,Douglas Luiz,4.9,4.9,Aston Villa,30,1.06,26,1.00,34,1.12,33,1.05,29,1.03
M,47,Ramsey,5.5,5.5,Aston Villa,54,2.06,54,2.18,43,1.57,47,1.64,52,1.92
M,48,Chukwuemeka,4.5,4.5,Chelsea,0,0.00,0,0.00,0,0.00,0,0.00,0,0.00
M,49,Iroegbunam,4.5,4.5,Aston Villa,1,0.03,0,0.01,1,0.05,2,0.09,3,0.15
D,50,Diego Carlos,5.0,5.0,Aston Villa,15,0.50,52,1.91,61,1.45,75,1.53,80,2.30
M,51,El Ghazi,4.9,4.9,Aston Villa,0,0.00,0,0.00,1,0.04,0,0.01,0,0.03
F,52,Davis,5.4,5.4,Aston Villa,0,0.00,0,0.00,0,0.00,0,0.00,0,0.00
M,53,Kamara,5.0,5.0,Aston Villa,68,2.02,72,2.22,73,1.99,66,1.77,68,1.98
F,54,Archer,4.5,4.5,Aston Villa,18,0.92,16,0.90,23,1.02,20,0.88,21,1.00
M,55,Philogene-Bidace,4.5,4.5,Aston Villa,0,0.00,0,0.00,0,0.00,0,0.00,0,0.00
D,56,Guilbert,4.0,4.0,Aston Villa,10,0.35,10,0.36,6,0.17,4,0.12,6,0.20
D,57,Smith,4.5,4.5,Bournemouth,78,2.06,71,0.80,65,2.41,59,2.09,50,1.72
M,58,Stanislas,4.9,4.9,Bournemouth,12,0.75,9,0.50,13,0.89,12,0.81,14,0.94
D,59,Fredericks,4.5,4.5,Bournemouth,1,0.04,15,0.27,27,1.10,30,1.19,47,1.73
M,60,Brooks,5.5,5.5,Bournemouth,0,0.00,0,0.00,0,0.00,0,0.00,0,0.00
M,61,Lowe,5.4,5.4,Bournemouth,13,0.77,4,0.22,9,0.59,8,0.48,14,0.86
F,62,Moore,5.5,5.5,Bournemouth,47,2.06,34,1.23,23,1.17,28,1.41,25,1.20
M,63,Marcondes,5.0,5.0,Bournemouth,4,0.25,6,0.31,5,0.29,8,0.44,7,0.39
M,64,Lerma,5.0,5.0,Bournemouth,78,2.44,69,1.84,73,2.55,72,2.45,69,2.31
D,65,Stacey,4.5,4.5,Bournemouth,29,0.82,12,0.18,15,0.56,17,0.59,21,0.74
F,66,Solanke,6.0,6.0,Bournemouth,53,2.36,76,2.64,74,3.95,72,3.65,70,3.49
M,67,Cook,5.0,5.0,Bournemouth,46,1.52,50,1.45,52,1.81,48,1.67,45,1.56
M,68,Pearson,4.5,4.5,Bournemouth,43,1.43,44,1.29,38,1.40,36,1.33,37,1.33
M,69,Christie,5.5,5.5,Bournemouth,38,1.61,50,1.65,49,2.24,46,2.06,37,1.70
M,70,Billing,5.5,5.5,Bournemouth,49,1.93,51,1.62,56,2.44,59,2.48,56,2.29
D,71,Mepham,4.5,4.5,Bournemouth,77,1.85,57,0.60,66,2.25,60,1.94,67,2.08
G,72,Travers,4.5,4.5,Bournemouth,75,2.65,75,2.60,72,2.84,70,2.69,67,2.55
D,73,Kelly,4.5,4.5,Bournemouth,82,1.91,82,0.72,77,2.56,72,2.27,73,2.19
M,74,Dembélé,5.0,5.0,Bournemouth,13,0.66,8,0.34,10,0.57,12,0.64,16,0.83
M,75,Anthony,5.4,5.4,Bournemouth,26,1.25,33,1.25,31,1.58,33,1.64,39,1.84
D,76,Zemura,4.5,4.5,Bournemouth,62,1.65,81,0.85,67,2.47,73,2.58,62,2.05
G,77,Dennis,4.0,4.0,Bournemouth,0,0.00,0,0.00,2,0.06,0,0.00,0,0.00
D,78,Jansson,4.5,4.5,Brentford,87,2.88,81,3.16,78,2.25,81,2.97,61,1.95
M,79,Nørgaard,5.5,5.5,Brentford,77,2.57,79,2.79,74,2.35,77,2.70,68,2.28
F,80,Toney,7.0,7.0,Brentford,87,4.52,83,4.79,82,3.90,83,4.77,79,4.07
G,81,Raya,4.5,4.5,Brentford,89,3.55,88,3.71,87,3.31,86,3.54,85,3.29
D,82,Canós,5.0,5.0,Brentford,2,0.18,11,0.65,12,0.62,15,0.91,12,0.65
M,83,Dasilva,4.6,4.5,Brentford,64,2.54,62,2.66,62,2.32,61,2.62,61,2.37
D,84,Ajer,4.5,4.5,Brentford,9,0.34,18,0.80,28,0.95,34,1.43,30,1.09
D,85,Henry,4.5,4.5,Brentford,80,2.98,73,3.24,74,2.43,68,2.84,72,2.60
M,86,Janelt,5.5,5.5,Brentford,74,2.69,69,2.74,65,2.28,59,2.34,70,2.53
M,87,Ghoddos,5.0,5.0,Brentford,5,0.31,8,0.45,9,0.43,9,0.51,11,0.57
M,88,Jensen,5.0,5.0,Brentford,58,2.48,58,2.66,62,2.45,57,2.58,60,2.48
M,89,Wissa,5.5,5.5,Brentford,46,2.43,38,2.29,32,1.67,35,2.10,37,2.00
D,90,Roerslev,4.5,4.5,Brentford,28,0.98,36,1.48,34,1.07,15,0.59,16,0.54
D,91,Bech,4.5,4.5,Brentford,29,1.08,24,1.01,21,0.69,21,0.83,13,0.44
D,92,Pinnock,4.5,4.5,Brentford,0,0.00,3,0.13,10,0.32,31,1.18,52,1.69
M,93,Onyeka,5.0,5.0,Brentford,21,0.92,18,0.83,18,0.77,30,1.30,20,0.86
M,94,Baptiste,4.5,4.5,Brentford,7,0.40,7,0.42,10,0.47,13,0.61,16,0.75
F,95,Mbeumo,6.0,6.0,Brentford,74,3.08,70,3.17,67,2.65,70,3.15,68,2.87
D,96,Goode,4.0,4.0,Brentford,0,0.01,1,0.03,0,0.02,2,0.09,1,0.04
F,97,Forss,4.5,4.5,Brentford,0,0.00,0,0.00,0,0.00,0,0.00,0,0.00
D,98,Thompson,4.0,4.0,Brentford,0,0.00,0,0.00,0,0.00,0,0.00,0,0.00
M,99,Bidstrup,4.5,4.5,Brentford,0,0.00,0,0.00,0,0.00,0,0.00,0,0.00
G,100,Balcombe,4.0,4.0,Brentford,0,0.00,0,0.00,0,0.00,0,0.00,0,0.00
M,101,Lallana,5.0,5.0,Brighton,43,1.81,49,2.28,45,1.97,49,2.11,48,2.12
G,102,Steele,4.0,4.0,Brighton,0,0.01,0,0.00,5,0.19,3,0.12,6,0.25
F,103,Welbeck,6.5,6.5,Brighton,71,3.34,69,3.99,59,3.18,56,3.05,58,3.12
M,104,Groß,5.6,5.6,Brighton,74,3.55,68,4.03,66,3.54,66,3.60,66,3.63
D,105,Duffy,4.5,4.5,Fulham,35,1.29,40,0.79,35,1.16,42,0.79,50,1.15
D,106,Dunk,4.5,4.5,Brighton,85,2.63,89,3.80,82,3.19,80,3.15,79,3.30
M,107,March,5.0,5.0,Brighton,59,1.93,65,2.38,64,2.24,57,2.04,64,2.26
D,108,Webster,4.5,4.5,Brighton,85,2.68,81,3.57,79,3.15,83,3.28,79,3.32
D,109,Veltman,4.5,4.5,Brighton,74,2.19,74,3.02,76,2.80,76,2.81,76,2.98
F,110,Maupay,6.4,6.4,Brighton,41,1.91,31,1.76,42,2.19,41,2.18,39,2.02
M,111,Trossard,6.5,6.5,Brighton,77,3.09,69,3.49,70,3.31,71,3.47,70,3.42
D,112,Cucurella,5.0,5.0,Chelsea,75,3.31,75,3.57,74,3.42,72,3.46,69,3.31
G,113,Sánchez,4.5,4.5,Brighton,90,3.41,89,3.78,86,3.53,86,3.55,84,3.51
D,114,Lamptey,4.5,4.5,Brighton,43,1.63,40,2.00,43,1.96,38,1.74,41,1.95
M,115,Alzate,4.5,4.5,Brighton,6,0.38,15,0.75,10,0.52,9,0.48,14,0.68
M,116,Mac Allister,5.5,5.5,Brighton,78,2.64,69,2.82,78,2.93,72,2.77,69,2.65
M,117,Moder,4.5,4.5,Brighton,0,0.00,0,0.00,0,0.00,0,0.00,0,0.00
M,118,Mwepu,5.5,5.5,Brighton,28,1.38,47,2.41,42,2.02,44,2.14,44,2.11
M,119,Sarmiento,4.5,4.5,Brighton,0,0.00,0,0.02,0,0.01,0,0.04,0,0.01
M,120,Caicedo,5.0,5.0,Brighton,78,2.49,72,2.67,68,2.42,74,2.58,70,2.48
M,121,Richards,4.5,4.5,Brighton,0,0.00,0,0.00,0,0.00,0,0.00,0,0.00
D,122,Roberts,4.0,4.0,Brighton,0,0.00,0,0.00,0,0.00,0,0.00,0,0.00
F,123,Undav,5.5,5.5,Brighton,33,1.69,33,2.00,38,2.08,39,2.14,38,2.06
M,124,Mitoma,5.0,5.0,Brighton,6,0.26,6,0.28,7,0.33,11,0.50,9,0.40
F,125,Enciso,5.0,5.0,Brighton,6,0.30,7,0.42,8,0.45,9,0.51,9,0.47
M,126,Kozłowski,4.5,4.5,Brighton,0,0.01,1,0.07,2,0.07,2,0.08,3,0.16
D,127,Azpilicueta,5.0,5.0,Chelsea,62,2.71,65,3.06,53,2.41,54,2.54,63,2.99
D,128,Thiago Silva,5.5,5.5,Chelsea,74,3.15,75,3.45,78,3.43,74,3.37,76,3.48
D,129,Alonso,5.4,5.4,Chelsea,0,0.00,0,0.00,0,0.00,0,0.00,0,0.00
M,130,Jorginho,6.0,6.0,Chelsea,69,2.94,58,2.63,62,2.73,53,2.44,54,2.45
M,131,Barkley,5.0,5.0,Chelsea,2,0.15,2,0.12,1,0.06,4,0.22,4,0.25
M,132,Kovacic,5.0,5.0,Chelsea,2,0.07,18,0.80,22,0.93,31,1.34,37,1.56
G,133,Arrizabalaga,4.5,4.5,Chelsea,1,0.06,2,0.09,3,0.13,2,0.09,3,0.13
M,134,Kanté,5.0,5.0,Chelsea,68,2.56,64,2.53,57,2.23,60,2.38,67,2.60
M,135,Ziyech,5.9,5.9,Chelsea,15,0.93,11,0.73,15,0.94,22,1.38,19,1.18
M,136,Loftus-Cheek,5.0,5.0,Chelsea,22,0.94,18,0.80,20,0.89,22,0.95,16,0.71
F,137,Werner,7.9,7.9,Chelsea,0,0.00,0,0.00,0,0.00,0,0.00,0,0.00
D,138,Kenedy,4.0,4.0,Chelsea,1,0.07,2,0.19,2,0.20,2,0.23,1,0.14
D,139,Chilwell,6.0,6.0,Chelsea,53,2.80,39,2.29,41,2.28,52,2.96,50,2.84
M,140,Pulisic,6.0,6.0,Chelsea,23,1.33,28,1.70,30,1.72,37,2.15,25,1.49
D,141,Chalobah,4.9,4.9,Chelsea,13,0.56,22,1.05,26,1.25,22,1.10,25,1.23
M,142,Mount,8.0,8.0,Chelsea,77,4.47,75,4.66,71,4.23,67,4.18,65,3.97
D,143,Sarr,5.0,5.0,Chelsea,0,0.00,0,0.00,0,0.00,0,0.00,0,0.00
M,144,Hudson-Odoi,5.4,5.4,Chelsea,8,0.46,8,0.47,7,0.42,13,0.77,16,0.94
F,145,Havertz,7.9,7.9,Chelsea,66,3.50,63,3.55,61,3.34,52,3.02,59,3.29
D,146,James,6.0,6.0,Chelsea,82,4.69,77,4.86,76,4.57,73,4.58,75,4.69
G,147,Mendy,5.0,5.0,Chelsea,89,3.73,88,3.81,85,3.67,88,3.82,85,3.73
M,148,Gallagher,5.9,5.9,Chelsea,21,0.92,19,0.88,24,1.10,19,0.90,19,0.88
M,149,Gilmour,4.5,4.5,Chelsea,2,0.09,7,0.32,7,0.31,5,0.23,2,0.10
F,150,Broja,5.5,5.5,Chelsea,16,1.02,11,0.71,21,1.26,16,1.05,20,1.26
D,151,Ampadu,4.5,4.5,Chelsea,4,0.14,3,0.09,6,0.22,3,0.10,4,0.13
G,152,Guaita,4.5,4.5,Crystal Palace,87,3.62,79,2.75,84,3.56,79,3.01,81,3.21
D,153,Tomkins,4.0,4.0,Crystal Palace,2,0.08,5,0.11,5,0.23,12,0.38,14,0.49
M,154,McArthur,5.0,5.0,Crystal Palace,0,0.00,9,0.30,11,0.47,20,0.76,42,1.54
F,155,Benteke,5.5,5.5,Crystal Palace,0,0.00,0,0.00,0,0.00,0,0.00,0,0.00
D,156,Ward,4.5,4.5,Crystal Palace,17,0.61,18,0.27,23,0.90,27,0.81,20,0.67
D,157,Clyne,4.5,4.5,Crystal Palace,82,3.12,79,1.03,74,2.98,64,1.89,70,2.38
M,158,Milivojevic,4.5,4.5,Crystal Palace,13,0.62,19,0.70,17,0.77,18,0.74,12,0.52
M,159,Ayew,5.5,5.5,Crystal Palace,56,2.74,37,1.38,43,2.24,47,2.06,40,1.93
M,160,Zaha,7.0,7.0,Crystal Palace,82,4.34,82,2.74,81,4.38,78,3.44,75,3.75
M,161,Schlupp,5.0,5.0,Crystal Palace,67,2.48,60,1.69,64,2.42,61,2.04,54,1.94
G,162,Butland,4.5,4.5,Crystal Palace,0,0.00,0,0.00,0,0.00,2,0.06,1,0.05
M,163,Hughes,5.0,5.0,Crystal Palace,31,1.29,37,1.23,25,1.08,38,1.41,32,1.28
M,164,Riedewald,4.5,4.5,Crystal Palace,4,0.17,4,0.17,10,0.46,6,0.24,5,0.21
D,165,Andersen,4.5,4.5,Crystal Palace,87,3.23,84,1.02,82,3.21,75,2.15,74,2.44
F,166,Edouard,5.5,5.5,Crystal Palace,46,2.64,49,1.95,48,2.76,43,2.16,50,2.67
D,167,Guéhi,4.5,4.5,Crystal Palace,85,3.25,80,1.01,85,3.37,81,2.34,78,2.62
F,168,Mateta,5.5,5.5,Crystal Palace,45,2.58,40,1.67,44,2.56,48,2.33,41,2.26
M,169,Eze,5.5,5.5,Crystal Palace,74,3.65,68,2.27,63,3.17,63,2.63,63,2.89
D,170,Mitchell,4.5,4.5,Crystal Palace,81,3.03,82,1.02,73,2.85,76,2.19,77,2.54
M,171,Olise,5.5,5.5,Crystal Palace,27,1.60,51,1.95,55,3.07,42,2.07,49,2.56
M,172,Rak-Sakyi,4.5,4.5,Crystal Palace,0,0.00,0,0.00,0,0.00,0,0.00,0,0.00
M,173,Ebiowei,4.5,4.5,Crystal Palace,14,0.86,15,0.70,10,0.62,16,0.85,19,1.05
D,174,Ferguson,4.0,4.0,Crystal Palace,0,0.00,0,0.00,0,0.00,0,0.00,0,0.00
G,175,Johnstone,4.5,4.5,Crystal Palace,3,0.14,12,0.42,6,0.26,9,0.35,8,0.30
G,176,Begović,4.0,4.0,Everton,2,0.06,3,0.11,5,0.17,4,0.14,5,0.16
F,177,Rondón,5.0,5.0,Everton,31,2.00,23,1.28,38,1.95,32,1.46,38,1.70
D,178,Coleman,4.5,4.5,Everton,48,2.27,68,2.26,71,2.33,67,1.39,67,1.58
M,179,Townsend,5.5,5.5,Everton,0,0.00,0,0.00,0,0.00,0,0.00,0,0.00
D,180,Keane,4.5,4.5,Everton,21,1.04,16,0.56,17,0.61,27,0.64,14,0.37
M,181,Dele,5.5,5.5,Everton,32,2.00,30,1.61,23,1.33,32,1.50,38,1.76
G,182,Pickford,4.5,4.5,Everton,89,3.77,87,3.21,86,3.15,86,2.91,85,2.91
M,183,Allan,5.0,5.0,Everton,13,0.54,23,0.86,26,0.95,26,0.89,26,0.90
M,184,André Gomes,4.5,4.5,Everton,1,0.08,1,0.08,2,0.16,2,0.13,1,0.08
M,185,A.Doucouré,5.5,5.5,Everton,59,2.32,76,2.48,70,2.33,68,2.00,64,1.93
M,186,Iwobi,5.5,5.5,Everton,71,2.97,57,2.14,55,2.08,63,2.05,60,1.99
M,187,Gbamin,4.5,4.5,Everton,6,0.26,2,0.06,3,0.11,4,0.15,3,0.11
D,188,Mina,4.5,4.5,Everton,0,0.00,3,0.11,12,0.41,17,0.42,45,1.11
M,189,Gray,5.5,5.5,Everton,72,4.96,67,3.64,63,3.53,63,2.83,65,2.98
M,190,Davies,5.0,5.0,Everton,30,1.33,50,1.77,44,1.62,45,1.47,47,1.53
F,191,Calvert-Lewin,7.9,7.9,Everton,0,0.00,0,0.00,0,0.00,0,0.00,3,0.14
D,192,Holgate,4.5,4.5,Everton,64,2.93,67,2.09,56,1.77,40,0.83,37,0.88
D,193,Godfrey,4.4,4.4,Everton,0,0.00,0,0.00,0,0.00,0,0.00,0,0.00
D,194,Mykolenko,4.5,4.5,Everton,76,3.85,67,2.38,75,2.66,73,1.64,76,1.90
M,195,Gordon,5.5,5.5,Everton,76,4.54,74,3.50,74,3.48,70,2.75,66,2.72
D,196,Branthwaite,4.0,4.0,Everton,0,0.00,0,0.00,0,0.00,0,0.00,0,0.00
D,197,Patterson,4.0,4.0,Everton,60,2.90,45,1.53,47,1.59,48,1.05,47,1.15
D,198,Nkounkou,4.0,4.0,Everton,1,0.05,2,0.05,1,0.03,3,0.07,2,0.04
D,199,Tarkowski,4.5,4.5,Everton,88,3.76,81,2.42,81,2.41,74,1.37,70,1.48
M,200,Cairney,5.0,5.0,Fulham,55,2.43,48,1.70,46,1.89,54,1.85,48,1.78
D,201,Ream,4.5,4.5,Fulham,64,2.03,58,0.97,66,1.94,59,0.96,49,1.05
M,202,Knockaert,4.9,4.9,Fulham,12,0.69,7,0.35,11,0.61,6,0.31,10,0.54
M,203,Chalobah,4.5,4.5,Fulham,17,0.74,12,0.51,19,0.81,21,0.81,20,0.79
M,204,Kebano,5.5,5.5,Fulham,67,3.21,63,2.34,63,2.87,61,2.26,60,2.40
M,205,De Cordova-Reid,5.5,5.5,Fulham,54,2.36,72,2.42,70,2.89,68,2.29,68,2.46
D,206,Bryan,4.5,4.5,Fulham,12,0.49,28,0.68,26,0.96,24,0.58,36,1.00
G,207,Gazzaniga,4.0,4.0,Fulham,6,0.23,3,0.10,2,0.06,0,0.00,0,0.00
D,208,Kongolo,4.0,4.0,Fulham,4,0.14,3,0.08,5,0.19,4,0.10,2,0.06
D,209,Tosin,4.5,4.5,Fulham,73,2.40,72,1.24,69,2.07,69,1.15,70,1.52
F,210,Mitrović,6.6,6.6,Fulham,85,4.76,83,3.33,83,4.35,79,3.13,77,3.35
M,211,Reed,4.5,4.5,Fulham,66,2.15,69,1.93,61,1.96,58,1.70,61,1.82
M,212,Wilson,5.9,5.9,Fulham,0,0.00,0,0.00,0,0.00,0,0.00,0,0.00
G,213,Rodák,4.5,4.5,Fulham,51,2.04,33,1.15,16,0.62,4,0.13,15,0.53
M,214,Cavaleiro,5.0,5.0,Fulham,15,0.81,7,0.34,9,0.47,9,0.43,10,0.48
D,215,Tete,4.5,4.5,Fulham,45,1.75,27,0.66,27,0.99,23,0.55,24,0.69
M,216,Onomah,4.5,4.5,Fulham,12,0.69,9,0.46,18,0.95,14,0.67,11,0.56
D,217,Robinson,4.5,4.5,Fulham,74,2.58,60,1.08,62,1.92,63,1.11,53,1.20
F,218,Muniz,5.5,5.5,Fulham,5,0.32,7,0.37,8,0.44,9,0.42,11,0.55
F,219,Stansfield,4.5,4.5,Fulham,9,0.48,9,0.40,9,0.43,10,0.45,11,0.52
M,220,Palhinha,5.0,5.0,Fulham,79,2.46,77,2.05,74,2.24,77,2.03,76,2.11
D,221,Cooper,4.5,4.5,Leeds,31,0.83,83,2.19,71,2.78,68,2.02,64,2.77
D,222,Ayling,4.5,4.5,Leeds,0,0.00,0,0.01,6,0.25,21,0.68,33,1.51
M,223,Klich,5.0,5.0,Leeds,21,0.98,24,1.07,31,1.46,28,1.24,20,1.05
M,224,Forshaw,4.5,4.5,Leeds,12,0.47,8,0.33,10,0.44,7,0.26,14,0.61
M,225,Rodrigo,6.1,6.1,Leeds,72,3.34,70,3.32,72,4.28,70,3.55,65,4.27
D,226,Dallas,5.0,5.0,Leeds,0,0.00,0,0.00,0,0.00,0,0.00,0,0.00
F,227,Bamford,7.5,7.5,Leeds,58,2.71,65,3.24,60,3.65,62,3.25,59,3.92
D,228,Llorente,4.5,4.5,Leeds,77,2.10,65,1.90,70,2.92,70,2.22,63,2.88
M,229,Roberts,5.0,5.0,Leeds,0,0.00,0,0.00,0,0.00,0,0.00,0,0.00
D,230,Koch,4.5,4.5,Leeds,67,1.67,33,0.94,46,1.76,36,1.12,35,1.52
M,231,James,6.0,6.0,Leeds,31,1.47,23,1.15,20,1.14,29,1.43,33,1.93
M,232,Raphinha,7.0,7.0,Leeds,0,0.00,0,0.00,0,0.00,0,0.00,0,0.00
M,233,Harrison,6.0,6.0,Leeds,68,2.92,58,2.59,68,3.60,62,2.85,56,3.30
M,234,Shackleton,4.5,4.5,Leeds,0,0.00,0,0.00,0,0.00,0,0.00,0,0.00
D,235,Struijk,4.5,4.5,Leeds,74,1.98,58,1.63,56,2.28,52,1.60,32,1.51
G,236,Klaesson,4.0,4.0,Leeds,0,0.01,2,0.07,3,0.13,3,0.11,3,0.14
F,237,Greenwood,4.5,4.5,Leeds,9,0.47,4,0.25,7,0.42,8,0.44,5,0.34
G,238,Meslier,4.5,4.5,Leeds,90,3.16,88,3.19,87,3.55,85,3.17,87,3.70
D,239,Firpo,4.5,4.5,Leeds,0,0.00,22,0.70,26,1.18,29,1.04,57,2.77
M,240,Summerville,4.5,4.5,Leeds,0,0.01,1,0.04,1,0.08,1,0.05,2,0.13
M,241,Bate,4.5,4.5,Leeds,0,0.00,0,0.00,0,0.00,0,0.00,0,0.00
F,242,Gelhardt,5.5,5.5,Leeds,24,1.22,25,1.32,27,1.64,28,1.52,28,1.83
D,243,Hjelde,4.0,4.0,Leeds,16,0.51,11,0.35,10,0.42,7,0.24,7,0.32
D,244,Kristensen,5.0,5.0,Leeds,84,2.12,86,2.27,78,3.10,75,2.27,76,3.36
M,245,Roca,5.0,5.0,Leeds,78,2.32,69,2.13,68,2.36,68,2.16,76,2.73
M,246,Aaronson,5.5,5.5,Leeds,68,2.51,64,2.44,61,2.81,57,2.28,61,3.01
M,247,Gyabi,4.5,4.5,Leeds,0,0.00,1,0.03,1,0.03,0,0.00,0,0.01
G,248,Schmeichel,5.0,5.0,Leicester,0,0.00,0,0.00,0,0.00,0,0.00,0,0.00
D,249,Evans,4.5,4.5,Leicester,73,3.08,68,1.53,70,2.42,67,2.04,67,2.62
D,250,Bertrand,4.0,4.0,Leicester,0,0.00,0,0.00,0,0.00,0,0.00,0,0.00
M,251,Albrighton,5.0,5.0,Leicester,20,0.98,29,1.10,25,1.13,15,0.65,21,0.98
M,252,Mendy,4.5,4.5,Leicester,22,0.92,23,0.83,27,1.06,35,1.25,31,1.24
D,253,Vestergaard,4.0,4.0,Leicester,2,0.12,10,0.27,9,0.35,6,0.21,7,0.30
G,254,Ward,4.0,4.0,Leicester,86,3.64,83,2.86,80,3.11,81,3.02,79,3.23
F,255,Vardy,9.5,9.5,Leicester,74,5.30,67,3.13,57,3.65,69,3.83,71,4.70
D,256,Ricardo,4.4,4.4,Leicester,0,0.00,0,0.00,0,0.00,0,0.00,0,0.00
D,257,Amartey,4.5,4.5,Leicester,51,2.11,47,1.08,40,1.42,48,1.47,38,1.54
D,258,Castagne,4.5,4.5,Leicester,83,3.90,78,1.92,74,2.86,78,2.58,77,3.32
M,259,Tielemans,6.5,6.5,Leicester,73,3.15,79,2.47,68,2.68,71,2.54,66,2.73
M,260,Pérez,5.0,5.0,Leicester,20,1.30,14,0.69,23,1.28,10,0.55,13,0.81
M,261,Maddison,8.0,8.0,Leicester,80,5.51,72,3.18,73,4.33,76,3.92,73,4.55
F,262,Iheanacho,6.4,6.4,Leicester,26,1.83,28,1.41,36,2.16,23,1.35,22,1.50
M,263,Choudhury,4.5,4.5,Leicester,0,0.00,0,0.00,0,0.00,0,0.00,0,0.00
M,264,Barnes,6.9,6.9,Leicester,1,0.04,9,0.43,20,1.15,29,1.50,30,1.82
M,265,Ndidi,5.0,5.0,Leicester,83,2.83,84,2.26,77,2.42,72,2.16,69,2.29
M,266,Dewsbury-Hall,5.0,5.0,Leicester,79,3.25,71,2.23,68,2.56,68,2.37,70,2.75
D,267,Söyüncü,4.5,4.5,Leicester,15,0.64,26,0.61,22,0.78,29,0.89,17,0.66
D,268,Justin,4.5,4.5,Leicester,67,2.90,64,1.46,61,2.15,50,1.54,65,2.59
M,269,Soumaré,4.5,4.5,Leicester,4,0.20,5,0.20,7,0.33,7,0.31,15,0.65
D,270,Thomas,4.5,4.5,Leicester,27,1.31,29,0.76,36,1.39,47,1.53,36,1.57
F,271,Daka,6.0,6.0,Leicester,13,0.87,14,0.71,23,1.37,17,0.99,16,1.07
D,272,Fofana,4.5,4.5,Leicester,87,3.52,80,1.71,80,2.68,77,2.29,84,3.13
D,273,Brunt,4.0,4.0,Leicester,1,0.06,4,0.13,6,0.23,9,0.31,10,0.41
M,274,Milner,4.5,4.5,Liverpool,21,1.13,22,1.44,20,1.18,31,1.70,21,1.30
M,275,Henderson,5.5,5.5,Liverpool,78,2.87,71,3.21,71,2.95,68,2.72,67,2.89
D,276,Matip,6.0,6.0,Liverpool,51,2.29,66,4.14,75,4.17,73,3.88,66,3.85
M,277,Thiago,5.4,5.4,Liverpool,0,0.00,0,0.00,0,0.00,0,0.00,0,0.00
M,278,Chamberlain,5.0,5.0,Liverpool,0,0.00,0,0.00,0,0.00,0,0.00,0,0.00
F,279,Firmino,8.0,8.0,Liverpool,20,1.28,22,1.74,17,1.22,19,1.33,22,1.64
D,280,Van Dijk,6.5,6.5,Liverpool,86,3.68,83,4.84,82,4.31,79,3.96,81,4.47
G,281,Alisson,5.5,5.5,Liverpool,90,3.90,88,4.54,86,4.14,85,4.04,88,4.36
M,282,Fabinho,5.5,5.5,Liverpool,79,2.88,73,3.33,75,3.13,74,2.98,72,3.19
M,283,Salah,13.0,13.0,Liverpool,85,6.26,78,7.85,79,6.95,77,6.25,75,6.94
D,284,Robertson,7.0,7.0,Liverpool,84,4.01,80,5.34,78,4.67,77,4.36,81,5.04
D,285,Alexander-Arnold,7.5,7.5,Liverpool,86,4.56,83,6.20,82,5.42,79,4.92,79,5.50
D,286,Gomez,4.5,4.5,Liverpool,33,1.49,17,0.95,11,0.58,18,0.91,11,0.60
M,287,Keita,4.9,4.9,Liverpool,54,2.40,48,2.62,54,2.69,47,2.27,47,2.42
F,288,Diogo Jota,9.0,9.0,Liverpool,10,0.67,27,2.03,34,2.32,42,2.65,43,3.02
G,289,Kelleher,4.0,4.0,Liverpool,0,0.00,2,0.08,5,0.21,5,0.21,2,0.08
D,290,Konaté,4.9,4.9,Liverpool,3,0.12,16,0.91,17,0.86,20,0.99,28,1.54
M,291,Jones,5.0,5.0,Liverpool,2,0.12,9,0.50,14,0.77,24,1.19,33,1.74
D,292,Tsimikas,4.5,4.5,Liverpool,5,0.23,10,0.64,11,0.62,8,0.43,7,0.43
M,293,Luis Díaz,8.0,8.0,Liverpool,72,4.29,67,5.31,69,4.84,65,4.28,65,4.83
M,294,Elliott,5.0,5.0,Liverpool,28,1.45,37,2.27,27,1.50,19,1.08,24,1.41
D,295,N.Williams,4.0,4.0,Nott'm Forest,79,2.74,76,2.26,74,0.95,74,3.67,71,2.33
M,296,Carvalho,5.5,5.5,Liverpool,15,0.89,22,1.65,15,0.99,20,1.27,14,0.96
F,297,Darwin,9.1,9.1,Liverpool,73,4.37,69,5.33,66,4.53,61,3.95,62,4.49
D,298,Ramsay,4.0,4.0,Liverpool,1,0.04,1,0.03,2,0.06,1,0.03,1,0.05
D,299,Walker,5.0,5.0,Man City,80,3.60,77,4.08,74,4.25,73,3.38,72,3.23
M,300,Gündogan,7.5,7.5,Man City,69,3.39,62,3.49,59,3.68,56,2.87,52,2.68
M,301,De Bruyne,12.0,12.0,Man City,78,5.01,73,5.51,72,6.26,68,4.55,72,4.72
D,302,Stones,5.5,5.5,Man City,30,1.45,41,2.25,37,2.19,46,2.19,40,1.88
M,303,Mahrez,7.9,7.9,Man City,47,2.92,47,3.38,49,4.02,51,3.29,45,2.89
M,304,Sterling,10.0,10.0,Chelsea,72,4.05,79,4.72,70,4.09,71,4.33,70,4.22
M,305,Grealish,7.0,7.0,Man City,59,3.09,60,3.60,51,3.51,57,3.08,56,3.02
D,306,Cancelo,7.0,7.0,Man City,86,4.11,82,4.64,83,5.17,81,4.00,78,3.72
G,307,Ederson,5.5,5.5,Man City,89,3.96,85,4.12,88,4.43,86,3.87,88,3.85
D,308,Aké,5.0,5.0,Man City,71,3.59,69,4.07,64,4.10,65,3.34,61,3.06
D,309,Laporte,6.0,6.0,Man City,0,0.00,0,0.00,0,0.00,0,0.00,22,1.08
G,310,Steffen,4.0,4.0,Man City,0,0.00,0,0.00,0,0.00,0,0.00,0,0.00
M,311,Bernardo,6.9,6.9,Man City,18,0.86,21,1.11,19,1.11,27,1.30,47,2.11
D,312,Dias,6.0,6.0,Man City,79,3.79,75,4.24,76,4.68,76,3.71,74,3.52
D,313,Zinchenko,5.1,5.1,Arsenal,69,3.33,62,3.35,61,3.07,64,2.38,60,3.19
M,314,Foden,8.0,8.0,Man City,73,4.27,69,4.68,69,5.29,65,3.96,69,4.13
M,315,Rodri,6.0,6.0,Man City,82,3.04,83,3.38,74,3.34,77,2.90,75,2.79
M,316,Palmer,4.5,4.5,Man City,4,0.21,8,0.46,18,1.05,16,0.81,12,0.63
M,317,McAtee,4.5,4.5,Man City,0,0.00,0,0.00,0,0.00,0,0.00,0,0.00
F,318,Haaland,11.6,11.5,Man City,77,5.49,74,6.13,75,7.15,71,5.20,68,4.86
F,319,Álvarez,6.4,6.4,Man City,22,1.30,26,1.77,23,1.77,28,1.66,32,1.93
D,320,Mbete,4.0,4.0,Man City,2,0.10,5,0.27,5,0.28,3,0.16,1,0.06
M,321,Lavia,4.5,4.5,Southampton,74,2.18,72,2.23,73,2.13,75,2.28,66,2.18
D,322,Wilson-Esbrand,4.0,4.0,Man City,6,0.29,5,0.25,8,0.48,7,0.35,11,0.52
F,323,Delap,4.5,4.5,Man City,2,0.17,2,0.18,6,0.48,5,0.33,4,0.29
G,324,Ortega,4.0,4.0,Man City,1,0.03,3,0.15,2,0.09,0,0.01,0,0.00
M,325,Phillips,5.0,5.0,Man City,10,0.39,24,1.08,39,1.82,32,1.28,25,1.03
F,326,Ronaldo,10.5,10.5,Man Utd,54,2.56,54,3.34,57,3.16,59,3.42,65,3.71
G,327,De Gea,5.0,5.0,Man Utd,89,3.09,90,3.57,90,3.37,88,3.33,90,3.54
D,328,Jones,4.0,4.0,Man Utd,0,0.01,0,0.00,0,0.00,0,0.00,0,0.00
D,329,Varane,4.9,4.9,Man Utd,31,0.75,28,1.08,29,0.97,35,1.18,36,1.30
D,330,Maguire,4.9,4.9,Man Utd,82,1.71,79,2.80,78,2.32,74,2.31,70,2.33
M,331,Fred,5.4,5.4,Man Utd,62,2.17,57,2.34,61,2.31,56,2.22,57,2.25
D,332,Shaw,5.0,5.0,Man Utd,53,1.39,52,2.12,49,1.73,55,2.02,47,1.81
M,333,Fernandes,9.9,9.9,Man Utd,87,3.21,83,4.03,85,3.74,84,3.65,79,3.51
D,334,Telles,5.0,5.0,Man Utd,0,0.00,0,0.00,0,0.00,0,0.00,0,0.00
M,335,Rashford,6.4,6.4,Man Utd,79,2.92,71,3.39,63,2.81,64,2.90,62,2.86
M,336,Van de Beek,5.4,5.4,Man Utd,23,0.89,25,1.10,27,1.08,29,1.17,24,0.98
D,337,Lindelöf,4.5,4.5,Man Utd,6,0.13,10,0.34,16,0.47,14,0.43,16,0.53
M,338,McTominay,5.0,5.0,Man Utd,44,1.37,50,1.72,37,1.26,44,1.48,43,1.47
D,339,Bailly,4.0,4.0,Man Utd,2,0.05,3,0.08,3,0.08,3,0.09,1,0.02
M,340,Sancho,7.4,7.4,Man Utd,77,2.93,77,3.71,73,3.26,76,3.43,67,3.13
D,341,Wan-Bissaka,4.4,4.4,Man Utd,9,0.22,18,0.67,22,0.69,16,0.52,18,0.61
D,342,Dalot,4.5,4.5,Man Utd,78,1.71,72,2.66,68,2.12,72,2.35,69,2.39
D,343,B.Williams,4.0,4.0,Man Utd,3,0.11,2,0.07,3,0.12,4,0.15,6,0.23
M,344,Elanga,5.0,5.0,Man Utd,25,1.24,35,1.96,27,1.44,26,1.40,27,1.43
F,345,Martial,6.9,6.9,Man Utd,11,0.59,10,0.66,35,1.81,28,1.51,35,1.82
M,346,Andreas,4.5,4.5,Fulham,61,2.67,75,2.53,70,2.92,70,2.38,72,2.62
M,347,Pellistri,4.5,4.5,Man Utd,0,0.00,0,0.00,0,0.00,0,0.00,0,0.00
G,348,Heaton,4.0,4.0,Man Utd,0,0.02,0,0.00,0,0.00,2,0.07,0,0.00
M,349,Shelvey,5.0,5.0,Newcastle,0,0.00,0,0.00,0,0.00,0,0.00,0,0.00
D,350,Ritchie,4.5,4.5,Newcastle,10,0.28,6,0.27,6,0.17,7,0.40,7,0.31
D,351,Fernández,4.4,4.4,Newcastle,0,0.01,2,0.09,6,0.13,4,0.18,4,0.16
D,352,Clark,4.5,4.5,Newcastle,0,0.00,0,0.00,0,0.00,0,0.00,0,0.00
G,353,Darlow,4.0,4.0,Newcastle,0,0.00,0,0.00,0,0.00,0,0.00,0,0.00
F,354,Wood,5.9,5.9,Newcastle,10,0.54,9,0.54,18,0.81,24,1.48,22,1.18
G,355,Dubravka,4.4,4.4,Newcastle,0,0.01,1,0.02,3,0.10,2,0.08,3,0.13
F,356,Wilson,7.5,7.5,Newcastle,81,3.44,79,4.14,71,2.75,66,3.93,64,3.25
D,357,Trippier,5.0,5.0,Newcastle,83,1.96,79,3.10,79,1.40,75,3.53,78,2.63
D,358,Burn,4.5,4.5,Newcastle,79,1.68,72,2.55,66,1.04,71,3.06,70,2.14
M,359,Fraser,5.4,5.4,Newcastle,34,1.58,35,1.90,32,1.41,37,2.22,42,2.12
D,360,Lascelles,4.4,4.4,Newcastle,10,0.27,4,0.17,7,0.17,8,0.33,9,0.31
F,361,Gayle,4.5,4.5,Newcastle,0,0.00,0,0.00,0,0.00,0,0.00,0,0.00
D,362,Dummett,4.0,4.0,Newcastle,11,0.31,2,0.06,3,0.07,1,0.03,2,0.05
D,363,Manquillo,4.5,4.5,Newcastle,7,0.19,8,0.33,6,0.16,7,0.30,4,0.14
D,364,Krafth,4.5,4.5,Newcastle,1,0.04,2,0.10,4,0.11,10,0.43,9,0.29
M,365,Murphy,4.5,4.5,Newcastle,9,0.41,12,0.63,12,0.51,20,1.08,23,1.08
D,366,Schär,4.6,4.6,Newcastle,82,1.90,69,2.67,67,1.22,61,2.82,68,2.29
D,367,Targett,5.0,5.0,Newcastle,32,0.71,71,2.52,80,1.26,73,3.10,73,2.26
M,368,Saint-Maximin,6.5,6.5,Newcastle,77,2.79,79,3.45,73,2.44,70,3.50,73,3.06
M,369,Almirón,5.0,5.0,Newcastle,64,2.34,62,2.63,68,2.25,61,2.88,59,2.40
M,370,S.Longstaff,4.5,4.5,Newcastle,33,1.13,33,1.25,36,1.12,38,1.48,35,1.26
M,371,Joelinton,6.0,6.0,Newcastle,77,2.34,71,2.52,68,1.99,61,2.42,64,2.22
D,372,Lewis,4.4,4.4,Newcastle,5,0.13,5,0.19,5,0.12,11,0.47,3,0.12
M,373,Willock,5.0,5.0,Newcastle,67,2.13,71,2.53,70,2.05,69,2.72,67,2.31
M,374,Bruno Guimarães,6.0,6.0,Newcastle,79,2.57,74,2.85,75,2.27,72,3.05,71,2.61
M,375,Hendrick,4.5,4.5,Newcastle,0,0.00,0,0.00,0,0.00,0,0.00,0,0.00
G,376,Pope,5.0,5.0,Newcastle,90,3.09,89,3.53,87,2.96,88,3.72,86,3.25
D,377,Botman,4.5,4.5,Newcastle,47,0.98,47,1.58,40,0.65,45,1.83,43,1.29
M,378,Arter,4.5,4.5,Nott'm Forest,0,0.01,1,0.05,0,0.01,1,0.06,3,0.12
D,379,Cook,4.5,4.5,Nott'm Forest,9,0.24,13,0.32,15,0.18,23,0.90,24,0.65
F,380,Taylor,4.5,4.5,Nott'm Forest,3,0.18,4,0.22,5,0.19,4,0.26,8,0.40
M,381,Colback,4.5,4.5,Nott'm Forest,51,1.63,46,1.42,42,1.16,55,1.92,45,1.44
G,382,Samba,4.5,4.5,Nott'm Forest,0,0.00,0,0.00,0,0.00,0,0.00,0,0.00
M,383,Cafú,4.5,4.5,Nott'm Forest,14,0.58,14,0.55,12,0.44,15,0.70,18,0.72
M,384,Lolley,4.9,4.9,Nott'm Forest,14,0.78,10,0.54,13,0.61,13,0.78,13,0.72
D,385,McKenna,4.5,4.5,Nott'm Forest,9,0.26,28,0.70,45,0.42,48,1.83,57,1.44
D,386,Dräger,4.0,4.0,Nott'm Forest,0,0.00,0,0.00,0,0.00,0,0.00,0,0.00
M,387,Yates,5.0,5.0,Nott'm Forest,9,0.34,28,0.94,50,1.34,39,1.51,42,1.40
D,388,Worrall,4.5,4.5,Nott'm Forest,81,2.09,77,1.66,63,0.51,65,2.38,60,1.46
D,389,Panzo,4.0,4.0,Nott'm Forest,0,0.00,0,0.00,0,0.00,0,0.00,0,0.00
M,390,Xande Silva,5.0,5.0,Nott'm Forest,0,0.00,0,0.00,0,0.00,0,0.00,0,0.00
F,391,Surridge,5.0,5.0,Nott'm Forest,31,1.60,30,1.44,30,1.24,26,1.57,22,1.18
D,392,Laryea,4.5,4.5,Nott'm Forest,0,0.00,0,0.00,0,0.00,0,0.00,0,0.00
D,393,Mbe Soh,4.5,4.5,Nott'm Forest,3,0.07,2,0.04,1,0.02,1,0.04,3,0.06
F,394,Johnson,6.0,6.0,Nott'm Forest,74,3.18,69,2.79,75,2.42,76,3.91,74,3.14
M,395,Mighten,5.0,5.0,Nott'm Forest,0,0.00,0,0.01,2,0.09,2,0.17,1,0.05
M,396,Ojeda,4.5,4.5,Nott'm Forest,0,0.00,0,0.00,0,0.00,0,0.00,0,0.00
F,397,Awoniyi,5.9,5.9,Nott'm Forest,67,3.07,72,2.99,68,2.34,69,3.68,72,3.19
G,398,Henderson,4.5,4.5,Nott'm Forest,87,3.14,88,3.03,87,2.98,84,3.40,83,2.92
D,399,Biancone,4.5,4.5,Nott'm Forest,31,1.12,27,0.86,24,0.44,36,1.74,36,1.21
M,400,Walcott,5.0,5.0,Southampton,0,0.00,0,0.00,3,0.18,1,0.11,4,0.28
G,401,McCarthy,4.5,4.5,Southampton,2,0.08,5,0.17,11,0.39,5,0.17,3,0.12
M,402,Romeu,5.0,5.0,Southampton,42,1.43,38,1.39,39,1.31,33,1.20,38,1.47
M,403,Redmond,5.5,5.5,Southampton,32,1.40,36,1.67,27,1.21,35,1.59,38,1.90
D,404,Stephens,4.5,4.5,Southampton,12,0.34,24,0.77,19,0.49,28,0.87,25,0.92
M,405,S.Armstrong,5.0,5.0,Southampton,61,2.42,57,2.48,57,2.23,62,2.55,62,2.87
M,406,Elyounoussi,5.5,5.5,Southampton,36,1.66,30,1.56,30,1.41,29,1.45,32,1.78
M,407,Ward-Prowse,6.5,6.5,Southampton,82,3.28,80,3.58,79,3.07,78,3.29,79,3.88
F,408,A.Armstrong,5.5,5.5,Southampton,61,2.75,51,2.60,57,2.47,53,2.52,54,2.91
D,409,Walker-Peters,4.5,4.5,Southampton,85,2.60,77,2.85,83,2.45,85,2.97,75,3.27
D,410,Bednarek,4.5,4.5,Southampton,67,1.85,67,2.18,74,1.94,70,2.20,75,2.87
F,411,Adams,6.4,6.4,Southampton,30,1.42,37,1.81,34,1.48,39,1.81,35,1.83
M,412,Tella,5.0,5.0,Southampton,0,0.00,0,0.00,0,0.00,0,0.00,0,0.00
D,413,Lyanco,4.5,4.5,Southampton,7,0.21,3,0.10,6,0.19,10,0.31,10,0.36
D,414,Valery,4.0,4.0,Southampton,29,0.95,29,1.08,30,0.96,33,1.19,33,1.42
M,415,Smallbone,4.5,4.5,Southampton,0,0.00,0,0.00,0,0.00,0,0.00,0,0.00
M,416,Diallo,4.5,4.5,Southampton,9,0.35,12,0.47,16,0.60,14,0.55,19,0.78
D,417,Perraud,4.5,4.5,Southampton,39,1.13,36,1.25,40,1.11,28,0.96,38,1.54
M,418,Djenepo,5.0,5.0,Southampton,34,1.37,38,1.55,33,1.31,42,1.62,44,1.84
D,419,Livramento,4.5,4.5,Southampton,0,0.00,0,0.00,0,0.00,0,0.00,0,0.00
D,420,Salisu,4.5,4.5,Southampton,81,1.90,84,2.34,83,1.86,74,2.02,72,2.41
G,421,Lis,4.0,4.0,Southampton,0,0.00,0,0.00,0,0.00,0,0.00,0,0.00
G,422,Bazunu,4.5,4.5,Southampton,88,3.08,85,3.15,79,2.75,85,3.15,87,3.42
D,423,Bella-Kotchap,4.5,4.5,Southampton,73,1.82,71,2.11,65,1.58,60,1.72,62,2.19
G,424,Caballero,4.0,4.0,Southampton,0,0.00,0,0.00,0,0.00,0,0.00,0,0.00
G,425,Lloris,5.5,5.5,Spurs,90,3.99,89,3.89,90,3.51,89,4.07,87,2.94
G,426,Forster,4.0,4.0,Spurs,1,0.02,0,0.01,0,0.00,1,0.02,3,0.11
F,427,Kane,11.4,11.4,Spurs,85,6.22,82,5.78,83,4.99,80,6.25,83,3.62
M,428,Son,12.0,12.0,Spurs,81,6.04,75,5.43,79,4.77,76,6.07,74,3.24
D,429,Doherty,4.9,4.9,Spurs,49,2.97,58,3.38,59,2.71,65,4.14,65,1.66
D,430,Dier,5.0,5.0,Spurs,88,4.14,83,3.77,76,2.74,72,3.60,67,1.35
M,431,Lucas Moura,6.0,6.0,Spurs,7,0.52,13,0.90,10,0.62,12,0.93,9,0.49
D,432,Davies,5.0,5.0,Spurs,55,2.51,35,1.62,37,1.36,33,1.70,33,0.72
M,433,Højbjerg,5.5,5.5,Spurs,71,2.57,79,2.74,72,2.28,67,2.52,68,1.85
M,434,Winks,4.5,4.5,Spurs,2,0.09,2,0.10,2,0.08,5,0.21,2,0.09
D,435,Sánchez,4.4,4.4,Spurs,28,1.40,22,1.04,22,0.85,26,1.36,28,0.62
D,436,R.Sessegnon,4.5,4.5,Spurs,52,3.21,33,1.93,33,1.61,40,2.59,46,1.37
M,437,Bergwijn,5.5,5.5,Spurs,0,0.00,0,0.00,0,0.00,0,0.00,0,0.00
D,438,Reguilón,4.4,4.4,Spurs,1,0.04,1,0.04,2,0.08,2,0.10,2,0.06
D,439,Tanganga,4.0,4.0,Spurs,5,0.22,6,0.26,4,0.16,6,0.30,9,0.26
M,440,Bentancur,5.5,5.5,Spurs,65,2.51,61,2.35,62,2.14,64,2.56,60,1.78
M,441,Skipp,4.5,4.5,Spurs,0,0.00,6,0.24,9,0.32,9,0.35,17,0.55
D,442,Rodon,4.0,4.0,Spurs,0,0.00,0,0.00,0,0.00,0,0.00,0,0.00
D,443,Romero,5.0,5.0,Spurs,86,3.98,77,3.50,75,2.67,79,3.88,75,1.50
M,444,Bissouma,5.0,5.0,Spurs,44,1.92,36,1.57,39,1.55,40,1.85,37,1.27
D,445,Emerson Royal,5.0,5.0,Spurs,47,2.74,33,1.88,31,1.44,23,1.39,21,0.61
M,446,Kulusevski,8.1,8.1,Spurs,69,4.21,63,3.81,57,3.00,61,4.00,58,2.38
F,447,Scarlett,4.5,4.5,Spurs,0,0.00,0,0.00,0,0.00,0,0.00,0,0.00
D,448,Perišić,5.4,5.4,Spurs,63,4.11,64,3.97,62,3.13,59,4.09,59,1.74
M,449,White,4.5,4.5,Spurs,0,0.00,0,0.00,0,0.00,0,0.00,0,0.00
M,450,Sarr,4.5,4.5,Spurs,0,0.02,0,0.03,0,0.00,0,0.00,0,0.00
G,451,Austin,4.0,4.0,Spurs,0,0.00,0,0.00,0,0.00,0,0.00,0,0.00
M,452,Devine,4.5,4.5,Spurs,0,0.00,0,0.00,0,0.00,0,0.00,0,0.00
F,453,Parrott,4.5,4.5,Spurs,0,0.00,0,0.00,0,0.00,0,0.00,0,0.00
F,454,Richarlison,8.5,8.5,Spurs,22,1.33,32,1.93,38,2.00,35,2.27,36,1.49
G,455,Fabianski,5.0,5.0,West Ham,89,3.68,87,3.32,87,3.23,88,3.08,85,3.52
D,456,Ogbonna,4.5,4.5,West Ham,29,1.14,33,1.10,33,1.06,38,0.89,49,1.87
D,457,Cresswell,5.0,5.0,West Ham,84,3.48,72,2.49,72,2.36,69,1.64,72,3.06
F,458,Antonio,7.5,7.5,West Ham,52,2.65,61,2.83,64,2.87,59,2.32,66,3.38
D,459,Dawson,5.0,5.0,West Ham,42,1.64,62,2.06,59,1.84,63,1.42,46,1.81
M,460,Lanzini,5.5,5.5,West Ham,60,2.98,58,2.62,55,2.44,54,2.10,54,2.71
D,461,Zouma,4.5,4.5,West Ham,81,3.03,78,2.46,83,2.42,77,1.64,78,2.92
D,462,Masuaku,4.5,4.5,West Ham,0,0.00,0,0.00,0,0.00,0,0.00,0,0.00
D,463,Coufal,4.5,4.5,West Ham,85,3.22,82,2.62,79,2.42,79,1.74,79,3.03
M,464,Benrahma,6.0,6.0,West Ham,25,1.51,25,1.37,28,1.48,27,1.30,32,1.91
M,465,Bowen,8.5,8.5,West Ham,80,4.45,72,3.59,72,3.46,67,2.75,74,4.08
M,466,Vlasic,5.0,5.0,West Ham,0,0.00,0,0.00,0,0.00,0,0.00,0,0.00
M,467,Rice,5.0,5.0,West Ham,87,2.77,83,2.48,84,2.49,81,2.18,80,2.59
M,468,Soucek,5.5,5.5,West Ham,84,2.96,84,2.75,83,2.67,81,2.33,79,2.82
M,469,Fornals,5.5,5.5,West Ham,69,3.19,63,2.67,61,2.53,61,2.19,55,2.60
D,470,Diop,4.5,4.5,Fulham,11,0.36,10,0.20,10,0.31,11,0.21,12,0.27
D,471,Johnson,4.5,4.5,West Ham,30,1.22,28,1.01,31,1.03,29,0.76,31,1.29
D,472,Aguerd,5.0,5.0,West Ham,0,0.00,0,0.00,0,0.00,0,0.00,0,0.00
G,473,Areola,4.5,4.5,West Ham,0,0.01,3,0.11,3,0.12,2,0.07,5,0.19
D,474,Boly,4.5,4.5,Wolves,55,1.09,45,1.53,46,1.58,49,1.89,50,0.59
D,475,Coady,4.9,4.9,Everton,78,3.52,80,2.49,81,2.52,78,1.52,75,1.68
F,476,Jiménez,6.9,6.9,Wolves,0,0.00,11,0.60,26,1.32,20,1.16,52,1.85
D,477,Jonny,4.5,4.5,Wolves,68,1.62,67,2.64,52,2.08,58,2.58,60,0.90
G,478,Sá,5.0,5.0,Wolves,90,3.16,88,3.59,87,3.55,88,3.75,88,3.08
M,479,Dendoncker,5.0,5.0,Wolves,77,2.26,55,1.92,45,1.58,52,1.97,42,1.18
M,480,Neves,5.5,5.5,Wolves,79,2.73,76,3.22,71,2.93,70,3.14,71,2.10
M,481,Hwang,6.0,6.0,Wolves,47,2.01,41,2.24,39,2.15,47,2.71,32,1.34
D,482,Semedo,5.0,5.0,Wolves,27,0.70,40,1.54,67,2.50,60,2.49,62,0.84
M,483,Podence,5.5,5.5,Wolves,62,2.28,49,2.33,54,2.50,50,2.56,43,1.51
D,484,Kilman,4.5,4.5,Wolves,78,1.54,76,2.58,79,2.75,73,2.81,66,0.77
M,485,Cundle,4.5,4.5,Wolves,13,0.56,13,0.61,12,0.58,8,0.39,11,0.47
M,486,Neto,5.5,5.5,Wolves,75,2.81,74,3.53,70,3.35,69,3.64,67,2.30
D,487,Aït-Nouri,4.5,4.5,Wolves,73,1.61,61,2.25,56,2.10,53,2.26,51,0.69
F,488,Fabio Silva,5.5,5.5,Wolves,0,0.00,0,0.00,0,0.00,0,0.00,0,0.00
D,489,Toti,4.0,4.0,Wolves,4,0.13,5,0.20,14,0.51,9,0.35,12,0.20
M,490,Chiquinho,5.0,5.0,Wolves,0,0.00,0,0.00,0,0.00,0,0.00,0,0.00
M,491,Adama,5.5,5.5,Wolves,17,0.76,17,0.90,20,1.01,16,0.87,20,0.82
G,492,Šarkić,4.0,4.0,Wolves,0,0.00,2,0.06,3,0.14,2,0.06,2,0.06
M,493,Gibbs-White,5.5,5.5,Wolves,23,0.93,30,1.53,23,1.16,20,1.14,22,0.83
D,494,Mosquera,4.0,4.0,Wolves,0,0.00,0,0.00,1,0.04,1,0.05,0,0.01
G,495,Matthews,4.0,4.0,Crystal Palace,0,0.00,0,0.00,0,0.00,0,0.00,0,0.00
F,496,Plange,4.5,4.5,Crystal Palace,3,0.23,1,0.11,1,0.13,3,0.20,5,0.36
G,497,Adrián,4.0,4.0,Liverpool,0,0.00,0,0.00,0,0.00,0,0.00,0,0.00
D,498,R.Williams,4.0,4.0,Liverpool,0,0.00,0,0.00,0,0.00,0,0.00,0,0.00
D,499,Davies,4.0,4.0,Liverpool,0,0.00,0,0.00,0,0.00,0,0.00,0,0.00
D,500,Van den Berg,4.0,4.0,Liverpool,2,0.07,2,0.08,0,0.00,1,0.03,1,0.04
D,501,Phillips,4.0,4.0,Liverpool,10,0.40,2,0.11,2,0.07,3,0.13,3,0.14
G,502,Carson,4.0,4.0,Man City,0,0.00,2,0.09,0,0.01,3,0.14,2,0.07
M,503,Moutinho,4.9,4.9,Wolves,18,0.59,64,2.23,68,2.35,78,2.87,75,2.03
D,504,Malacia,4.5,4.5,Man Utd,37,0.95,37,1.50,39,1.35,34,1.22,41,1.52
M,505,Rothwell,5.0,5.0,Bournemouth,0,0.00,0,0.00,0,0.00,0,0.00,10,0.45
M,506,Adams,5.0,5.0,Leeds,80,2.19,83,2.27,70,2.21,78,2.20,74,2.42
D,507,Niakhaté,4.5,4.5,Nott'm Forest,79,2.14,66,1.51,69,0.60,51,1.97,54,1.39
M,508,Sinisterra,6.5,6.5,Leeds,28,1.29,51,2.16,42,2.19,45,2.03,49,2.71
M,509,Downes,4.5,4.5,West Ham,13,0.56,11,0.47,10,0.42,17,0.66,21,0.87
D,510,Hickey,5.0,5.0,Brentford,77,2.81,64,2.77,62,2.05,55,2.27,66,2.34
D,511,Richards,4.5,4.5,Nott'm Forest,0,0.00,0,0.00,0,0.00,0,0.00,0,0.00
M,512,Aribo,5.5,5.5,Southampton,48,2.07,60,2.77,54,2.27,50,2.23,44,2.27
D,513,Lenglet,5.0,5.0,Spurs,9,0.43,51,2.29,60,2.17,59,2.90,64,1.30
M,514,C.Doucouré,5.0,5.0,Crystal Palace,78,2.55,69,1.76,72,2.39,61,1.81,62,1.93
M,515,Lewis-Potter,5.5,5.5,Brentford,11,0.59,16,0.92,11,0.55,19,1.04,15,0.80
D,516,Collins,4.5,4.5,Wolves,77,1.68,79,2.97,64,2.48,72,3.10,75,0.98
G,517,Strakosha,4.5,4.5,Brentford,1,0.04,2,0.08,3,0.11,3,0.13,5,0.18
G,518,Hennessey,4.0,4.0,Nott'm Forest,3,0.11,2,0.05,3,0.12,5,0.18,7,0.26
M,519,Eriksen,6.5,6.5,Man Utd,66,2.33,66,2.91,62,2.46,56,2.29,62,2.52
D,520,Koulibaly,5.5,5.5,Chelsea,84,3.48,80,3.64,78,3.44,76,3.46,77,3.53
M,521,Francois,4.5,4.5,Fulham,3,0.15,4,0.20,6,0.30,7,0.31,4,0.23
D,522,Spence,4.4,4.4,Spurs,1,0.04,2,0.11,0,0.01,0,0.02,1,0.03
D,523,Toffolo,4.5,4.5,Nott'm Forest,76,2.44,75,2.02,71,0.81,63,2.85,62,1.89
M,524,O'Brien,5.0,5.0,Nott'm Forest,51,1.75,47,1.58,43,1.31,46,1.79,49,1.67
D,525,Augustinsson,4.5,4.5,Aston Villa,0,0.00,1,0.05,1,0.02,0,0.00,2,0.05
D,526,Mee,4.5,4.5,Brentford,77,3.03,80,3.70,78,2.67,70,3.11,64,2.42
M,527,Lingard,6.0,6.0,Nott'm Forest,72,2.95,73,2.81,68,2.16,63,3.19,64,2.62
F,528,Mara,5.5,5.5,Southampton,1,0.04,2,0.11,1,0.06,2,0.14,1,0.07
F,529,Scamacca,7.0,7.0,West Ham,32,1.88,31,1.64,28,1.50,36,1.59,24,1.45
D,530,Richards,4.5,4.5,Crystal Palace,6,0.19,11,0.20,15,0.60,24,0.80,19,0.70
D,531,Vinagre,4.5,4.5,Everton,13,0.62,22,0.82,14,0.51,14,0.37,12,0.32
D,532,Mbabu,4.5,4.5,Fulham,43,1.63,61,1.23,60,2.01,65,1.25,65,1.58
D,533,Martínez,4.5,4.5,Man Utd,59,1.48,60,2.39,56,1.90,54,1.93,56,2.11
M,534,McNeil,5.5,5.5,Everton,57,2.81,58,2.35,55,2.27,54,1.95,46,1.73
M,535,Tavernier,5.0,5.0,Bournemouth,52,1.75,44,1.26,53,2.00,56,2.07,42,1.56
M,536,Mangala,5.0,5.0,Nott'm Forest,64,2.15,61,1.98,51,1.52,48,1.88,48,1.66
D,537,Kesler Hayden,4.0,4.0,Aston Villa,0,0.00,0,0.00,0,0.00,0,0.00,0,0.00
D,538,Young,4.5,4.5,Aston Villa,11,0.43,13,0.59,12,0.39,16,0.49,20,0.74
D,539,Hill,4.5,4.5,Bournemouth,18,0.49,24,0.31,19,0.66,21,0.72,26,0.85
D,540,Stevens,4.0,4.0,Brentford,1,0.03,1,0.03,1,0.02,0,0.01,0,0.01
F,541,Dervişoğlu,4.5,4.5,Brentford,1,0.03,1,0.07,2,0.12,2,0.15,2,0.14
G,542,Scherpen,4.0,4.0,Brighton,0,0.00,0,0.00,0,0.00,0,0.00,0,0.00
D,543,Clarke,4.0,4.0,Brighton,1,0.06,6,0.25,9,0.35,3,0.14,6,0.27
D,544,Van Hecke,4.0,4.0,Brighton,1,0.03,1,0.04,2,0.07,5,0.22,5,0.22
D,545,Emerson,4.0,4.0,Chelsea,3,0.12,3,0.11,2,0.10,7,0.32,1,0.05
M,546,Harris,4.5,4.5,Fulham,0,0.02,0,0.00,1,0.07,1,0.03,1,0.06
D,547,Drameh,4.0,4.0,Leeds,14,0.40,8,0.26,10,0.39,11,0.37,6,0.29
G,548,Iversen,4.0,4.0,Leicester,8,0.34,10,0.35,18,0.71,12,0.45,17,0.68
M,549,Praet,5.0,5.0,Leicester,2,0.11,4,0.20,5,0.25,5,0.22,5,0.26
M,550,Amad,4.5,4.5,Man Utd,8,0.46,6,0.42,5,0.30,5,0.35,6,0.37
M,551,Iqbal,4.5,4.5,Man Utd,0,0.00,0,0.00,0,0.00,1,0.02,0,0.01
M,552,Anderson,4.5,4.5,Newcastle,1,0.04,1,0.03,3,0.14,2,0.10,4,0.18
M,553,Hammond,4.5,4.5,Nott'm Forest,0,0.00,0,0.00,0,0.01,0,0.00,1,0.03
M,554,Bryan,5.0,5.0,Spurs,2,0.22,3,0.28,4,0.29,3,0.29,5,0.34
D,555,Ashby,4.0,4.0,West Ham,5,0.21,4,0.14,5,0.17,6,0.16,5,0.21
M,556,Coventry,4.5,4.5,West Ham,3,0.12,4,0.19,2,0.07,3,0.14,4,0.18
G,557,Smith,4.0,4.0,Wolves,0,0.00,0,0.00,0,0.00,0,0.00,0,0.00
D,558,Bueno,4.0,4.0,Wolves,5,0.15,5,0.20,4,0.16,6,0.27,5,0.11
D,559,Colwill,4.5,4.5,Brighton,17,0.54,20,0.84,17,0.66,24,0.96,20,0.82
M,560,Mills,4.5,4.5,Everton,3,0.16,2,0.10,3,0.13,3,0.11,6,0.24
M,561,Warrington,4.5,4.5,Everton,2,0.09,3,0.12,3,0.13,5,0.23,4,0.17
M,562,Solomon,5.0,5.0,Fulham,0,0.00,0,0.00,0,0.00,0,0.00,0,0.00
D,563,Chambers,4.0,4.0,Liverpool,0,0.00,0,0.00,0,0.01,0,0.01,0,0.00
M,564,Bajcetic,4.5,4.5,Liverpool,1,0.07,1,0.07,1,0.05,3,0.15,2,0.10
M,565,Gray,4.5,4.5,Leeds,1,0.04,0,0.00,0,0.01,0,0.02,0,0.01
M,566,Hodge,4.5,4.5,Wolves,2,0.08,2,0.09,3,0.14,3,0.13,2,0.07
M,567,Ronan,4.5,4.5,Wolves,18,0.68,13,0.56,8,0.38,11,0.51,7,0.28
M,568,Campbell,4.5,4.5,Wolves,12,0.46,3,0.14,7,0.34,3,0.16,7,0.27
M,569,Garnacho,4.5,4.5,Man Utd,1,0.07,2,0.10,2,0.09,2,0.10,2,0.10
M,570,Garner,4.5,4.5,Man Utd,1,0.05,3,0.11,2,0.10,6,0.23,7,0.29
G,571,Randolph,4.0,4.0,West Ham,0,0.00,0,0.00,0,0.00,0,0.00,0,0.00
M,572,Oko-Flex,4.5,4.5,West Ham,8,0.41,7,0.38,9,0.45,12,0.53,10,0.55
D,573,Lewis,4.0,4.0,Man City,2,0.11,3,0.14,4,0.24,7,0.31,1,0.05
G,574,Neto,4.5,4.5,Bournemouth,17,0.59,17,0.60,18,0.72,22,0.83,24,0.93
M,575,Cornet,6.0,6.0,West Ham,33,1.82,42,2.05,45,2.13,44,1.84,43,2.28
D,576,Senesi,4.5,4.5,Bournemouth,80,1.96,80,0.76,80,2.73,78,2.53,75,2.32
M,577,Onana,5.0,5.0,Everton,27,1.20,24,0.88,22,0.84,30,1.01,28,0.95
G,578,Robles,4.0,4.0,Leeds,0,0.00,0,0.00,0,0.00,2,0.06,0,0.00
M,579,Guedes,6.0,6.0,Wolves,69,2.86,75,4.02,68,3.63,73,4.25,68,2.40
M,580,Damsgaard,5.5,5.5,Brentford,21,1.16,28,1.68,39,1.87,23,1.37,34,1.78
D,10020,Abdul-Rahman Baba,99.9,99.9,Chelsea,0,0.00,0,0.00,0,0.00,0,0.00,0,0.01
F,10033,Florin Andone,99.9,99.9,Brighton,0,0.00,1,0.05,0,0.01,1,0.07,1,0.06
F,10052,Joel Valencia,99.9,99.9,Brentford,0,0.00,0,0.00,0,0.00,0,0.00,0,0.01
D,10054,Luka Racic,99.9,99.9,Brentford,0,0.01,1,0.04,0,0.00,1,0.07,0,0.01
M,10088,Bruno Jordão,99.9,99.9,Wolves,2,0.09,2,0.08,3,0.13,1,0.06,4,0.17
F,10094,Patrick Cutrone,99.9,99.9,Wolves,3,0.22,1,0.10,1,0.10,2,0.15,1,0.10
G,10104,Mark Gillespie,99.9,99.9,Newcastle,0,0.00,0,0.00,0,0.00,0,0.00,0,0.00
F,10132,Tahith Chong,99.9,99.9,Man Utd,1,0.08,1,0.09,2,0.12,1,0.07,1,0.07
G,10133,Marcus Bettinelli,99.9,99.9,Chelsea,0,0.00,0,0.01,2,0.07,0,0.00,2,0.07
G,10150,Andy Lonergan,99.9,99.9,Everton,0,0.00,0,0.00,0,0.00,0,0.00,0,0.00
M,10200,Hannibal Mejbri,99.9,99.9,Man Utd,1,0.05,1,0.05,2,0.11,3,0.17,4,0.26
D,10201,Teden Mengi,99.9,99.9,Man Utd,0,0.00,0,0.00,0,0.01,0,0.00,0,0.00
F,10202,Shola Shoretire,99.9,99.9,Man Utd,2,0.17,2,0.18,2,0.14,3,0.22,2,0.13
F,10228,Marlos Moreno,99.9,99.9,Man City,0,0.02,1,0.05,2,0.18,0,0.04,2,0.15
M,10229,Ante Palaversa,99.9,99.9,Man City,6,0.27,3,0.15,2,0.13,5,0.26,3,0.16
F,10232,Léo Bonatini,99.9,99.9,Wolves,1,0.08,1,0.06,3,0.16,2,0.14,1,0.05
M,10233,Mateusz Bogusz,99.9,99.9,Leeds,0,0.00,0,0.01,1,0.06,0,0.03,1,0.05
D,10241,Benjamin Mendy,99.9,99.9,Man City,0,0.00,0,0.00,0,0.00,0,0.00,0,0.00
M,10242,Tanguy Ndombélé,99.9,99.9,Spurs,3,0.17,3,0.21,4,0.25,2,0.13,5,0.23
M,10243,Giovani Lo Celso,99.9,99.9,Spurs,1,0.06,1,0.10,2,0.17,4,0.28,2,0.15
G,10245,Rúnar Alex Rúnarsson,99.9,99.9,Arsenal,0,0.00,0,0.00,2,0.07,2,0.06,2,0.07
D,10246,Héctor Bellerín,99.9,99.9,Arsenal,0,0.00,1,0.06,1,0.05,3,0.14,1,0.08
M,10249,Matty Longstaff,99.9,99.9,Newcastle,8,0.34,12,0.50,12,0.45,16,0.69,14,0.58
F,10252,Evan Ferguson,99.9,99.9,Brighton,0,0.00,0,0.01,1,0.07,1,0.06,1,0.05
F,10253,Tariqe Fosu,99.9,99.9,Brentford,0,0.00,1,0.05,0,0.03,1,0.09,3,0.20
F,10258,Michy Batshuayi,99.9,99.9,Chelsea,2,0.15,3,0.23,6,0.37,4,0.29,4,0.28
D,10260,Axel Tuanzebe,99.9,99.9,Man Utd,0,0.00,0,0.00,0,0.00,0,0.00,0,0.02
F,10263,Mason Greenwood,99.9,99.9,Man Utd,0,0.00,0,0.00,0,0.00,0,0.00,0,0.00
G,10264,Jed Steer,99.9,99.9,Aston Villa,0,0.00,0,0.00,0,0.00,0,0.00,0,0.00
F,10271,Ian Poveda,99.9,99.9,Leeds,0,0.00,0,0.01,0,0.01,1,0.04,0,0.00
M,10272,Cheikhou Kouyaté,99.9,99.9,Nott'm Forest,80,2.15,80,2.07,78,1.83,75,2.21,71,1.94
G,10275,Jordan Smith,99.9,99.9,Nott'm Forest,0,0.00,0,0.00,0,0.00,2,0.06,0,0.00
G,10296,Nathan Trott,99.9,99.9,West Ham,0,0.00,0,0.00,0,0.00,0,0.00,0,0.00
D,10305,Issa Kaboré,99.9,99.9,Man City,2,0.07,2,0.07,3,0.15,1,0.03,2,0.06
D,10311,Kell Watts,99.9,99.9,Newcastle,0,0.00,0,0.00,0,0.01,0,0.00,0,0.00
F,10315,Thomas Agyepong,99.9,99.9,Man City,2,0.13,2,0.14,2,0.13,2,0.14,2,0.16
G,10319,Alex Smithies,99.9,99.9,Leicester,0,0.00,2,0.05,0,0.01,3,0.11,2,0.06
F,10320,Emmanuel Dennis,99.9,99.9,Nott'm Forest,5,0.25,6,0.26,4,0.16,8,0.42,9,0.43